-- ============================================================
-- سبعة ٧ | Sabaa Coffee Operations Platform
-- Seed Data — run AFTER schema.sql
-- ============================================================

-- ============================================================
-- 1. PROFILES (Users)
-- ============================================================
INSERT INTO public.profiles (id, phone, email, first_name, last_name, city, role, wallet_balance, loyalty_points, loyalty_tier, streak, gender) VALUES
  ('a0000000-0000-0000-0000-000000000001', '+966501234567', 'mohd@example.com',     'محمد',  'علي',  'riyadh', 'Customer',  150.00, 1240, 'gold',     5, 'male'),
  ('a0000000-0000-0000-0000-000000000002', '+966501234568', 'sara@example.com',      'سارة',  'خالد', 'riyadh', 'Customer',  85.00,  720,  'silver',   3, 'female'),
  ('a0000000-0000-0000-0000-000000000003', '+966501234569', 'fahd@example.com',      'فهد',   'سعد',  'riyadh', 'Customer',  200.00, 450,  'bronze',   1, 'male'),
  ('a0000000-0000-0000-0000-000000000004', '+966501234570', 'ahmed@brew92.com',     'أحمد',  'فهد',  'riyadh', 'Partner',   0.00,   0,    'bronze',   0, 'male'),
  ('a0000000-0000-0000-0000-000000000005', '+966501234571', 'noura@mukhtassa.com',  'نورة',  'أحمد', 'riyadh', 'Partner',   0.00,   0,    'bronze',   0, 'female'),
  ('a0000000-0000-0000-0000-000000000006', '+966501234572', 'admin@sabaa.com',      'خالد',  'محمد', 'riyadh', 'Super Admin', 0.00, 0, 'platinum', 0, 'male');

-- ============================================================
-- 2. USER PREFERENCES
-- ============================================================
INSERT INTO public.user_preferences (user_id, lang, theme, notifications_enabled) VALUES
  ('a0000000-0000-0000-0000-000000000001', 'ar', 'light', true),
  ('a0000000-0000-0000-0000-000000000002', 'ar', 'light', true),
  ('a0000000-0000-0000-0000-000000000003', 'ar', 'dark',  true),
  ('a0000000-0000-0000-0000-000000000004', 'ar', 'light', true),
  ('a0000000-0000-0000-0000-000000000005', 'ar', 'light', false),
  ('a0000000-0000-0000-0000-000000000006', 'en', 'dark',  true);

-- ============================================================
-- 3. CAFES
-- ============================================================
INSERT INTO public.cafes (id, owner_id, name_ar, name_en, description, location, city, lat, lng, phone, email, emoji, rating, is_open, commission_rate, total_favorites, total_orders, avg_wait_min) VALUES
  ('b0000000-0000-0000-0000-000000000001', 'a0000000-0000-0000-0000-000000000004', 'Brew92',               'Brew92',              'قهوة مختصة في قلب الرياض',  'شارع التحلية، الرياض',            'riyadh', 24.7136, 46.6753, '+966112345678', 'info@brew92.com',            '☕', 4.8, true,  35.00, 12, 1280, 4),
  ('b0000000-0000-0000-0000-000000000002', NULL,               'قهوة السعودية',         'Saudi Coffee',        'قهوة سعودية أصيلة بنكهة الهيل', 'طريق الملك فهد، الرياض',          'riyadh', 24.7210, 46.6700, '+966112345679', 'info@saudicoffee.com',       '🇸🇦', 4.5, true,  30.00, 8,  960,  6),
  ('b0000000-0000-0000-0000-000000000003', NULL,               'إيليفن',                'Eleven',              'مقهى عصري بمشروبات مبتكرة', 'شارع الأمير محمد بن عبدالعزيز',   'riyadh', 24.7300, 46.6600, '+966112345680', 'info@eleven.com',           '🔟', 4.9, false, 35.00, 15, 720,  8),
  ('b0000000-0000-0000-0000-000000000004', 'a0000000-0000-0000-0000-000000000005', 'المختصة',              'Al Mukhtassa',        'قهوة مختصة Specialty Coffee', 'حي العليا، الرياض',               'riyadh', 24.7070, 46.6850, '+966112345681', 'info@almukhtassa.com',     '🎯', 4.7, true,  30.00, 10, 540,  3);

-- ============================================================
-- 4. CATEGORIES
-- ============================================================
INSERT INTO public.categories (id, cafe_id, name_ar, name_en, icon, sort_order) VALUES
  -- Brew92
  ('c0000000-0000-0000-0000-000000000001', 'b0000000-0000-0000-0000-000000000001', 'قهوة ساخنة',  'Hot Coffee',  '🔥', 0),
  ('c0000000-0000-0000-0000-000000000002', 'b0000000-0000-0000-0000-000000000001', 'قهوة باردة',  'Cold Coffee', '🧊', 1),
  ('c0000000-0000-0000-0000-000000000003', 'b0000000-0000-0000-0000-000000000001', 'مشروبات',     'Drinks',       '🥤', 2),
  -- قهوة السعودية
  ('c0000000-0000-0000-0000-000000000004', 'b0000000-0000-0000-0000-000000000002', 'قهوة سعودية', 'Saudi Coffee', '🇸🇦', 0),
  ('c0000000-0000-0000-0000-000000000005', 'b0000000-0000-0000-0000-000000000002', 'مشروبات ساخنة','Hot Drinks',  '🫖', 1),
  -- إيليفن
  ('c0000000-0000-0000-0000-000000000006', 'b0000000-0000-0000-0000-000000000003', 'إسبيشالتي',   'Specialty',    '✨', 0),
  ('c0000000-0000-0000-0000-000000000007', 'b0000000-0000-0000-0000-000000000003', 'باردة',       'Cold',         '🧊', 1),
  -- المختصة
  ('c0000000-0000-0000-0000-000000000008', 'b0000000-0000-0000-0000-000000000004', 'كلاسيك',      'Classic',      '☕', 0),
  ('c0000000-0000-0000-0000-000000000009', 'b0000000-0000-0000-0000-000000000004', 'مختصة',       'Specialty',    '✨', 1);

-- ============================================================
-- 5. MENU ITEMS
-- ============================================================
INSERT INTO public.menu_items (id, cafe_id, category_id, name_ar, name_en, description, base_price, vat_rate, is_featured, icon, sales_count) VALUES
  -- Brew92 — Hot Coffee
  ('d0000000-0000-0000-0000-000000000001', 'b0000000-0000-0000-0000-000000000001', 'c0000000-0000-0000-0000-000000000001', 'سوداء',      'Black Coffee',    'قهوة سوداء سادة',            7.00, 15.00, true,  '☕', 1280),
  ('d0000000-0000-0000-0000-000000000002', 'b0000000-0000-0000-0000-000000000001', 'c0000000-0000-0000-0000-000000000001', 'بيضاء',      'White Coffee',    'قهوة بحليب',                 7.00, 15.00, false, '🥛', 960),
  ('d0000000-0000-0000-0000-000000000003', 'b0000000-0000-0000-0000-000000000001', 'c0000000-0000-0000-0000-000000000001', 'إسباني',     'Spanish Latte',   'لاتيه بنكهة الحليب المكثف',  9.00, 15.00, true,  '🍯', 720),
  ('d0000000-0000-0000-0000-000000000004', 'b0000000-0000-0000-0000-000000000001', 'c0000000-0000-0000-0000-000000000001', 'تركية',      'Turkish Coffee',  'قهوة تركية على الرمل',       8.00, 15.00, false, '🫖', 540),
  -- Brew92 — Cold Coffee
  ('d0000000-0000-0000-0000-000000000005', 'b0000000-0000-0000-0000-000000000001', 'c0000000-0000-0000-0000-000000000002', 'مثلجة',      'Iced Coffee',     'قهوة مثلجة',                 7.00, 15.00, false, '🧊', 410),
  ('d0000000-0000-0000-0000-000000000006', 'b0000000-0000-0000-0000-000000000001', 'c0000000-0000-0000-0000-000000000002', 'موكا',       'Mocha',           'قهوة موكا مثلجة بالشوكولاتة', 10.00, 15.00, false, '🍫', 380),

  -- قهوة السعودية
  ('d0000000-0000-0000-0000-000000000007', 'b0000000-0000-0000-0000-000000000002', 'c0000000-0000-0000-0000-000000000004', 'قهوة سعودية', 'Saudi Coffee',     'قهوة سعودية بالهيل',         6.00, 15.00, true,  '☕', 820),
  ('d0000000-0000-0000-0000-000000000008', 'b0000000-0000-0000-0000-000000000002', 'c0000000-0000-0000-0000-000000000004', 'قهوة عربية',  'Arabic Coffee',   'قهوة عربية بالزعفران',       8.00, 15.00, false, '🫖', 640),
  ('d0000000-0000-0000-0000-000000000009', 'b0000000-0000-0000-0000-000000000002', 'c0000000-0000-0000-0000-000000000005', 'كرك',        'Karak Tea',       'شاي كرك بالحليب',            10.00, 15.00, false, '🍵', 510),
  ('d0000000-0000-0000-0000-000000000010', 'b0000000-0000-0000-0000-000000000002', 'c0000000-0000-0000-0000-000000000005', 'شاي أحمر',   'Red Tea',         'شاي أحمر سادة',              5.00, 15.00, false, '🫖', 380),

  -- إيليفن
  ('d0000000-0000-0000-0000-000000000011', 'b0000000-0000-0000-0000-000000000003', 'c0000000-0000-0000-0000-000000000006', 'كورتادو',    'Cortado',         'إسبريسو مع حليب ساخن',       8.00, 15.00, true,  '☕', 450),
  ('d0000000-0000-0000-0000-000000000012', 'b0000000-0000-0000-0000-000000000003', 'c0000000-0000-0000-0000-000000000006', 'سبانيش لاتيه','Spanish Latte',  'لاتيه بنكهة إسبانية',        12.00, 15.00, false, '🍯', 350),
  ('d0000000-0000-0000-0000-000000000013', 'b0000000-0000-0000-0000-000000000003', 'c0000000-0000-0000-0000-000000000006', 'فلات وايت',  'Flat White',      'إسبريسو مع طبقة حليب ناعمة', 10.00, 15.00, false, '🥛', 280),
  ('d0000000-0000-0000-0000-000000000014', 'b0000000-0000-0000-0000-000000000003', 'c0000000-0000-0000-0000-000000000007', 'آيس تي',     'Iced Tea',        'شاي مثلج بنكهة الخوخ',       8.00, 15.00, false, '🧊', 190),

  -- المختصة
  ('d0000000-0000-0000-0000-000000000015', 'b0000000-0000-0000-0000-000000000004', 'c0000000-0000-0000-0000-000000000008', 'أمريكانو',   'Americano',       'إسبريسو وماء ساخن',          7.00, 15.00, false, '☕', 620),
  ('d0000000-0000-0000-0000-000000000016', 'b0000000-0000-0000-0000-000000000004', 'c0000000-0000-0000-0000-000000000008', 'لاتيه',      'Latte',           'إسبريسو مع حليب مبخر',       9.00, 15.00, true,  '🥛', 540),
  ('d0000000-0000-0000-0000-000000000017', 'b0000000-0000-0000-0000-000000000004', 'c0000000-0000-0000-0000-000000000008', 'كابوتشينو',  'Cappuccino',      'إسبريسو مع رغوة حليب',       9.00, 15.00, false, '☕', 430),
  ('d0000000-0000-0000-0000-000000000018', 'b0000000-0000-0000-0000-000000000004', 'c0000000-0000-0000-0000-000000000009', 'موكا مثلجة', 'Iced Mocha',      'موكا مثلجة بالشوكولاتة الفاخرة', 11.00, 15.00, false, '🍫', 310);

-- ============================================================
-- 6. ORDERS
-- ============================================================
-- First create the order number sequence if not exists
INSERT INTO public.orders (id, order_number, customer_id, cafe_id, status, pickup_code, subtotal, vat_amount, platform_fee, total_amount, payment_method, is_paid, notes) VALUES
  ('e0000000-0000-0000-0000-000000000001', 'SB-1040', 'a0000000-0000-0000-0000-000000000001', 'b0000000-0000-0000-0000-000000000004', 'completed', 'K9P2', 9.00,  1.35, 0.00, 10.35, 'wallet', true,  ''),
  ('e0000000-0000-0000-0000-000000000002', 'SB-1041', 'a0000000-0000-0000-0000-000000000001', 'b0000000-0000-0000-0000-000000000001', 'ready',    'B2M4', 7.00,  1.05, 0.00, 8.05,  'wallet', true,  'بدون سكر'),
  ('e0000000-0000-0000-0000-000000000003', 'SB-1042', 'a0000000-0000-0000-0000-000000000001', 'b0000000-0000-0000-0000-000000000001', 'completed','A7X9', 7.00,  1.05, 0.00, 8.05,  'card',   true,  ''),
  ('e0000000-0000-0000-0000-000000000004', 'SB-1043', 'a0000000-0000-0000-0000-000000000002', 'b0000000-0000-0000-0000-000000000002', 'pending',  'X9K2', 6.00,  0.90, 0.00, 6.90,  'wallet', false, 'زيادة هيل'),
  ('e0000000-0000-0000-0000-000000000005', 'SB-1044', 'a0000000-0000-0000-0000-000000000002', 'b0000000-0000-0000-0000-000000000001', 'ready',    'L3W8', 7.00,  1.05, 0.00, 8.05,  'wallet', true,  ''),
  ('e0000000-0000-0000-0000-000000000006', 'SB-1045', 'a0000000-0000-0000-0000-000000000003', 'b0000000-0000-0000-0000-000000000003', 'preparing','M7N1', 12.00, 1.80, 0.00, 13.80, 'apple',  true,  'حليب نباتي'),
  ('e0000000-0000-0000-0000-000000000007', 'SB-1046', 'a0000000-0000-0000-0000-000000000003', 'b0000000-0000-0000-0000-000000000001', 'pending',  'Q5R8', 9.00,  1.35, 0.00, 10.35, 'card',   false, '');

-- ============================================================
-- 7. ORDER ITEMS
-- ============================================================
INSERT INTO public.order_items (order_id, menu_item_id, item_name_ar, item_name_en, icon, quantity, unit_price, total_price) VALUES
  ('e0000000-0000-0000-0000-000000000001', 'd0000000-0000-0000-0000-000000000003', 'إسباني', 'Spanish Latte', '🍯', 1, 9.00, 9.00),
  ('e0000000-0000-0000-0000-000000000002', 'd0000000-0000-0000-0000-000000000005', 'مثلجة',  'Iced Coffee',   '🧊', 1, 7.00, 7.00),
  ('e0000000-0000-0000-0000-000000000003', 'd0000000-0000-0000-0000-000000000001', 'سوداء',  'Black Coffee',  '☕', 1, 7.00, 7.00),
  ('e0000000-0000-0000-0000-000000000004', 'd0000000-0000-0000-0000-000000000007', 'قهوة سعودية', 'Saudi Coffee', '☕', 1, 6.00, 6.00),
  ('e0000000-0000-0000-0000-000000000005', 'd0000000-0000-0000-0000-000000000005', 'مثلجة',  'Iced Coffee',   '🧊', 1, 7.00, 7.00),
  ('e0000000-0000-0000-0000-000000000006', 'd0000000-0000-0000-0000-000000000012', 'سبانيش لاتيه', 'Spanish Latte', '🍯', 1, 12.00, 12.00),
  ('e0000000-0000-0000-0000-000000000007', 'd0000000-0000-0000-0000-000000000003', 'إسباني', 'Spanish Latte', '🍯', 1, 9.00, 9.00);

-- ============================================================
-- 8. WALLET TRANSACTIONS
-- ============================================================
INSERT INTO public.transactions (user_id, order_id, type, amount, balance_before, balance_after, description_ar, description_en) VALUES
  ('a0000000-0000-0000-0000-000000000001', NULL, 'credit', 100.00, 50.00,  150.00, 'شحن محفظة',             'Wallet top-up'),
  ('a0000000-0000-0000-0000-000000000001', 'e0000000-0000-0000-0000-000000000003', 'debit', 8.05,  158.05, 150.00, 'طلب Brew92 - سوداء',    'Order Brew92 - Black Coffee'),
  ('a0000000-0000-0000-0000-000000000001', NULL, 'credit', 15.00, 150.00, 165.00, 'مكافأة ولاء - 15 نقطة',  'Loyalty bonus - 15 points'),
  ('a0000000-0000-0000-0000-000000000002', NULL, 'credit', 50.00,  35.00,  85.00,  'شحن محفظة',             'Wallet top-up'),
  ('a0000000-0000-0000-0000-000000000002', 'e0000000-0000-0000-0000-000000000004', 'debit', 6.90,  85.00,  78.10,  'طلب قهوة السعودية',      'Order Saudi Coffee'),
  ('a0000000-0000-0000-0000-000000000003', NULL, 'credit', 200.00, 0.00,   200.00, 'شحن محفظة',             'Wallet top-up'),
  ('a0000000-0000-0000-0000-000000000003', 'e0000000-0000-0000-0000-000000000006', 'debit', 13.80, 200.00, 186.20, 'طلب إيليفن',            'Order Eleven');

-- ============================================================
-- 9. INVENTORY
-- ============================================================
INSERT INTO public.inventory_items (cafe_id, name_ar, name_en, unit, current_level, min_level, max_level) VALUES
  -- Brew92
  ('b0000000-0000-0000-0000-000000000001', 'حبوب عربية',    'Arabic Beans',    'كجم',  85,  10, 100),
  ('b0000000-0000-0000-0000-000000000001', 'حليب طازج',     'Fresh Milk',      'لتر',  12,  10, 50),
  ('b0000000-0000-0000-0000-000000000001', 'أكواب ورقية',   'Paper Cups',      'قطعة', 45,  20, 200),
  ('b0000000-0000-0000-0000-000000000001', 'سكر',           'Sugar',           'كجم',  90,  5,  100),
  ('b0000000-0000-0000-0000-000000000001', 'حليب نباتي',    'Plant Milk',      'لتر',  20,  5,  30),
  ('b0000000-0000-0000-0000-000000000001', 'شراب إسباني',   'Spanish Syrup',   'لتر',  35,  5,  40),
  -- قهوة السعودية
  ('b0000000-0000-0000-0000-000000000002', 'حبوب هيل',      'Cardamom',        'كجم',  60,  5,  80),
  ('b0000000-0000-0000-0000-000000000002', 'زعفران',        'Saffron',         'جرام', 500, 50, 1000),
  ('b0000000-0000-0000-0000-000000000002', 'أكواب',         'Cups',            'قطعة', 80,  20, 200),
  ('b0000000-0000-0000-0000-000000000002', 'حليب',          'Milk',            'لتر',  30,  10, 50),
  -- إيليفن
  ('b0000000-0000-0000-0000-000000000003', 'حبوب إسبريسو',  'Espresso Beans',  'كجم',  40,  10, 80),
  ('b0000000-0000-0000-0000-000000000003', 'حليب طازج',     'Fresh Milk',      'لتر',  18,  10, 50),
  ('b0000000-0000-0000-0000-000000000003', 'شراب فانيليا',  'Vanilla Syrup',   'لتر',  15,  5,  30),
  ('b0000000-0000-0000-0000-000000000003', 'أكواب',         'Cups',            'قطعة', 60,  20, 200),
  -- المختصة
  ('b0000000-0000-0000-0000-000000000004', 'حبوب إثيوبية',  'Ethiopian Beans', 'كجم',  25,  5,  50),
  ('b0000000-0000-0000-0000-000000000004', 'حليب طازج',     'Fresh Milk',      'لتر',  22,  10, 50),
  ('b0000000-0000-0000-0000-000000000004', 'شوكولاتة',      'Chocolate',       'كجم',  8,   3,  20),
  ('b0000000-0000-0000-0000-000000000004', 'أكواب',         'Cups',            'قطعة', 120, 20, 200);

-- ============================================================
-- 10. EMPLOYEES
-- ============================================================
INSERT INTO public.employees (cafe_id, name, role, shift, phone, status) VALUES
  -- Brew92
  ('b0000000-0000-0000-0000-000000000001', 'أحمد',  'باريستا',   'صباحي',   '+966551111111', 'active'),
  ('b0000000-0000-0000-0000-000000000001', 'نورة',  'كاشير',     'صباحي',   '+966551111112', 'active'),
  ('b0000000-0000-0000-0000-000000000001', 'خالد',  'باريستا',   'مسائي',   '+966551111113', 'off'),
  ('b0000000-0000-0000-0000-000000000001', 'سارة',  'مديرة',     'يوم كامل','+966551111114', 'active'),
  -- قهوة السعودية
  ('b0000000-0000-0000-0000-000000000002', 'فواز',  'باريستا',   'صباحي',   '+966552222221', 'active'),
  ('b0000000-0000-0000-0000-000000000002', 'مها',   'كاشير',     'مسائي',   '+966552222222', 'active'),
  -- إيليفن
  ('b0000000-0000-0000-0000-000000000003', 'فيصل',  'باريستا',   'مسائي',   '+966553333331', 'active'),
  ('b0000000-0000-0000-0000-000000000003', 'لمى',   'كاشير',     'صباحي',   '+966553333332', 'off'),
  -- المختصة
  ('b0000000-0000-0000-0000-000000000004', 'تركي',  'باريستا',   'صباحي',   '+966554444441', 'active'),
  ('b0000000-0000-0000-0000-000000000004', 'رنا',   'باريستا',   'مسائي',   '+966554444442', 'active'),
  ('b0000000-0000-0000-0000-000000000004', 'سلطان', 'مدير',      'يوم كامل','+966554444443', 'active');

-- ============================================================
-- 11. PROMOTIONS
-- ============================================================
INSERT INTO public.promotions (cafe_id, name_ar, name_en, discount_percent, start_time, end_time, days_of_week, is_active) VALUES
  ('b0000000-0000-0000-0000-000000000001', 'عرض الصباح',       'Morning Deal',   20.00, '06:00', '11:00', '["saturday","sunday","monday","tuesday","wednesday","thursday"]', true),
  ('b0000000-0000-0000-0000-000000000001', 'عرض الجمعة',       'Friday Special', 15.00, '13:00', '18:00', '["friday"]', true),
  ('b0000000-0000-0000-0000-000000000004', 'عرض العصر',        'Afternoon Deal', 15.00, '14:00', '17:00', '["saturday","sunday","monday","tuesday","wednesday","thursday"]', true),
  ('b0000000-0000-0000-0000-000000000002', 'عرض الهيل',        'Cardamom Deal',  10.00, '07:00', '10:00', '["saturday","sunday","monday","tuesday","wednesday","thursday"]', true);

-- ============================================================
-- 12. USER FAVORITES
-- ============================================================
INSERT INTO public.user_favorites (user_id, cafe_id) VALUES
  ('a0000000-0000-0000-0000-000000000001', 'b0000000-0000-0000-0000-000000000004'),
  ('a0000000-0000-0000-0000-000000000001', 'b0000000-0000-0000-0000-000000000001'),
  ('a0000000-0000-0000-0000-000000000002', 'b0000000-0000-0000-0000-000000000001');

-- ============================================================
-- 13. USER BADGES
-- ============================================================
INSERT INTO public.user_badges (user_id, badge_id) VALUES
  ('a0000000-0000-0000-0000-000000000001', (SELECT id FROM public.badges WHERE badge_key = 'first')),
  ('a0000000-0000-0000-0000-000000000001', (SELECT id FROM public.badges WHERE badge_key = 'streak7')),
  ('a0000000-0000-0000-0000-000000000001', (SELECT id FROM public.badges WHERE badge_key = 'explorer')),
  ('a0000000-0000-0000-0000-000000000002', (SELECT id FROM public.badges WHERE badge_key = 'first')),
  ('a0000000-0000-0000-0000-000000000002', (SELECT id FROM public.badges WHERE badge_key = 'streak7'));

-- ============================================================
-- 14. REWARD REDEMPTIONS
-- ============================================================
INSERT INTO public.reward_redemptions (user_id, reward_id, points_spent) VALUES
  ('a0000000-0000-0000-0000-000000000001', (SELECT id FROM public.rewards WHERE title_en = 'Free Coffee' LIMIT 1), 100),
  ('a0000000-0000-0000-0000-000000000002', (SELECT id FROM public.rewards WHERE title_en = 'Free Croissant' LIMIT 1), 50);

-- ============================================================
-- 15. NOTIFICATIONS
-- ============================================================
INSERT INTO public.notifications (user_id, title_ar, title_en, body_ar, body_en, icon, priority, is_read) VALUES
  ('a0000000-0000-0000-0000-000000000001', 'عرض الجمعة',       'Friday Offer',      'خصم 15% على جميع المشروبات هذا الجمعة في Brew92', '15% off all drinks this Friday at Brew92', '🎉', 'normal', false),
  ('a0000000-0000-0000-0000-000000000001', 'تحديث التطبيق',    'App Update',        'تم إضافة ميزة الطلب الصوتي! جربها الآن', 'Voice ordering is now available! Try it now', '🔔', 'low', true),
  ('a0000000-0000-0000-0000-000000000001', 'مكافأة ولاء',      'Loyalty Reward',    'وصلت إلى 1000 نقطة! أنت الآن في الفئة الذهبية 🏅', 'You reached 1000 points! You are now Gold tier 🏅', '🏅', 'high', false),
  ('a0000000-0000-0000-0000-000000000004', 'طلب جديد',         'New Order',         'لديك طلب جديد في Brew92 - كود A7X9', 'You have a new order at Brew92 - Code A7X9', '☕', 'high', false),
  ('a0000000-0000-0000-0000-000000000005', 'تقرير الأرباح',    'Earnings Report',   'أرباح اليوم: 345.00 ⃁ — أكمل 8 طلبات', 'Today''s earnings: 345.00 ⃁ — 8 orders completed', '💰', 'normal', false);

-- ============================================================
-- 16. AUDIT LOGS
-- ============================================================
INSERT INTO public.audit_logs (user_id, user_name, action_ar, action_type, details, ip_address) VALUES
  ('a0000000-0000-0000-0000-000000000001', 'محمد علي',    'تسجيل دخول',              'login',     'دخول عبر التطبيق',              '192.168.1.1'),
  (NULL,                      'النظام',     'إنشاء طلب SB-1046',         'order',     'طلب جديد من فهد سعد في Brew92', ''),
  (NULL,                      'النظام',     'تحديث حالة الطلب',          'order',     'تم تغيير حالة SB-1045 إلى جاهز', ''),
  ('a0000000-0000-0000-0000-000000000004', 'أحمد فهد',    'تحديث المخزون',            'inventory', 'تحديث مخزون Brew92',            '192.168.1.10'),
  ('a0000000-0000-0000-0000-000000000006', 'خالد محمد',   'شحن محفظة مستخدم',         'finance',   'شحن +50 لمحفظة سارة خالد',       '10.0.0.1'),
  ('a0000000-0000-0000-0000-000000000006', 'خالد محمد',   'إضافة مقهى جديد',          'partner',   'إضافة مقهى "قهوة السعودية" للنظام', '10.0.0.1'),
  ('a0000000-0000-0000-0000-000000000002', 'سارة خالد',   'تسجيل دخول',              'login',     'دخول عبر التطبيق',              '192.168.1.2');

-- ============================================================
-- 17. SUBSCRIPTIONS (user subscriptions)
-- ============================================================
INSERT INTO public.user_subscriptions (user_id, plan_id, status, days_of_week) VALUES
  ('a0000000-0000-0000-0000-000000000001', (SELECT id FROM public.subscription_plans LIMIT 1 OFFSET 1), 'active', '["saturday","sunday","monday","tuesday","wednesday"]'),
  ('a0000000-0000-0000-0000-000000000003', (SELECT id FROM public.subscription_plans LIMIT 1), 'active', '["saturday","sunday","monday","tuesday","wednesday","thursday","friday"]');

-- ============================================================
-- 18. GROUP ORDERS
-- ============================================================
INSERT INTO public.group_orders (id, host_id, name, invite_code, cafe_id, status) VALUES
  ('f0000000-0000-0000-0000-000000000001', 'a0000000-0000-0000-0000-000000000001', 'قهوة المكتب', 'GRP-A7X', 'b0000000-0000-0000-0000-000000000001', 'open');

INSERT INTO public.group_order_items (group_order_id, user_id, menu_item_id, item_name_ar, quantity, unit_price) VALUES
  ('f0000000-0000-0000-0000-000000000001', 'a0000000-0000-0000-0000-000000000001', 'd0000000-0000-0000-0000-000000000001', 'سوداء',   1, 7.00),
  ('f0000000-0000-0000-0000-000000000001', 'a0000000-0000-0000-0000-000000000002', 'd0000000-0000-0000-0000-000000000002', 'بيضاء',   1, 7.00),
  ('f0000000-0000-0000-0000-000000000001', 'a0000000-0000-0000-0000-000000000003', 'd0000000-0000-0000-0000-000000000003', 'إسباني',  2, 9.00);

-- ============================================================
-- 19. UPDATE CAFE STATS
-- ============================================================
UPDATE public.cafes SET total_orders = 1280, rating = 4.8 WHERE id = 'b0000000-0000-0000-0000-000000000001';
UPDATE public.cafes SET total_orders = 960,  rating = 4.5 WHERE id = 'b0000000-0000-0000-0000-000000000002';
UPDATE public.cafes SET total_orders = 720,  rating = 4.9 WHERE id = 'b0000000-0000-0000-0000-000000000003';
UPDATE public.cafes SET total_orders = 540,  rating = 4.7 WHERE id = 'b0000000-0000-0000-0000-000000000004';
